table,propid,canid,propid_hex,canid_hex
EQ100_t1,557900610,560,0x2140E342,0x0230
EQ100_t1,557900613,560,0x2140E345,0x0230
EQ100_t1,559997928,798,0x2160E3E8,0x031E
EQ100_t1,559997927,790,0x2160E3E7,0x0316
EQ100_t1,559997929,790,0x2160E3E9,0x0316
EQ100_t1,559997930,790,0x2160E3EA,0x0316
EQ100_t1,559997932,790,0x2160E3EC,0x0316
EQ100_t1,557900597,857,0x2140E335,0x0359
EQ100_t1,557900757,1251,0x2140E3D5,0x04E3
EQ100_t1,557900758,1251,0x2140E3D6,0x04E3
EQ100_t1,557900738,1002,0x2140E3C2,0x03EA
EQ100_t1,557900730,1067,0x2140E3BA,0x042B
EQ100_t1,557900731,1067,0x2140E3BB,0x042B
EQ100_t1,557900732,1067,0x2140E3BC,0x042B
EQ100_t1,557966210,262,0x2141E382,0x0106
EQ100_t1,557900672,262,0x2140E380,0x0106
EQ100_t1,557900740,262,0x2140E3C4,0x0106
EQ100_t1,557900569,1141,0x2140E319,0x0475
EQ100_t1,559997931,1141,0x2160E3EB,0x0475
EQ100_t1,557863319,513,0x21405197,0x0201
EQ100_t1,557900633,513,0x2140E359,0x0201
EQ100_t1,557900702,513,0x2140E39E,0x0201
EQ100_t1,557863220,1085,0x21405134,0x043D
EQ100_t1,557900593,306,0x2140E331,0x0132
EQ100_t1,557900609,489,0x2140E341,0x01E9
EQ100_t1,557900568,489,0x2140E318,0x01E9
EQ100_t1,557900608,489,0x2140E340,0x01E9
EQ100_t1,557863040,497,0x21405080,0x01F1
EQ100_t1,557863298,497,0x21405182,0x01F1
EQ100_t1,557900560,298,0x2140E310,0x012A
EQ100_t1,557900700,298,0x2140E39C,0x012A
EQ100_t1,594563186,1085,0x23705072,0x043D
EQ100_t1,561008742,1085,0x21705066,0x043D
EQ100_t1,557863573,1085,0x21405295,0x043D
EQ100_t1,557900438,1085,0x2140E296,0x043D
EQ100_t1,557900439,1085,0x2140E297,0x043D
EQ100_t1,557900440,1085,0x2140E298,0x043D
EQ100_t1,561008752,1085,0x21705070,0x043D
EQ100_t1,561008753,1085,0x21705071,0x043D
EQ100_t1,557900441,1085,0x2140E299,0x043D
EQ100_t1,557863701,1085,0x21405315,0x043D
EQ100_t1,591417383,1081,0x23405027,0x0439
EQ100_t1,591455043,1081,0x2340E343,0x0439
EQ100_t1,557900584,1081,0x2140E328,0x0439
EQ100_t1,591418128,320,0x23405310,0x0140
EQ100_t1,557863478,320,0x21405236,0x0140
EQ100_t1,561008775,320,0x21705087,0x0140
EQ100_t1,594563206,320,0x23705086,0x0140
EQ100_t1,557863284,320,0x21405174,0x0140
EQ100_t1,557863255,320,0x21405157,0x0140
EQ100_t1,561008772,320,0x21705084,0x0140
EQ100_t1,594563205,320,0x23705085,0x0140
EQ100_t1,557863570,320,0x21405292,0x0140
EQ100_t1,557900552,320,0x2140E308,0x0140
EQ100_t1,557900748,320,0x2140E3CC,0x0140
EQ100_t1,557929080,925,0x21415278,0x039D
EQ100_t1,557900616,925,0x2140E348,0x039D
EQ100_t1,658563881,1322,0x2740E329,0x052A
EQ100_t1,557862937,381,0x21405019,0x017D
EQ100_t1,561008755,381,0x21705073,0x017D
EQ100_t1,561008757,381,0x21705075,0x017D
EQ100_t1,559997753,381,0x2160E339,0x017D
EQ100_t1,557900630,381,0x2140E356,0x017D
EQ100_t1,557900600,381,0x2140E338,0x017D
EQ100_t1,561008977,225,0x21705151,0x00E1
EQ100_t1,557863269,225,0x21405165,0x00E1
EQ100_t1,559960132,1221,0x21605044,0x04C5
EQ100_t1,559960134,1221,0x21605046,0x04C5
EQ100_t1,559960152,1221,0x21605058,0x04C5
EQ100_t1,559960151,1221,0x21605057,0x04C5
EQ100_t1,557863572,833,0x21405294,0x0341
EQ100_t1,557862936,833,0x21405018,0x0341
EQ100_t1,557900546,833,0x2140E302,0x0341
EQ100_t1,561008709,833,0x21705045,0x0341
EQ100_t1,557900547,833,0x2140E303,0x0341
EQ100_t1,557863043,833,0x21405083,0x0341
EQ100_t1,557862945,833,0x21405021,0x0341
EQ100_t1,557863041,441,0x21405081,0x01B9
EQ100_t1,557862984,1097,0x21405048,0x0449
EQ100_t1,557904663,1097,0x2140F317,0x0449
EQ100_t1,561008721,1097,0x21705051,0x0449
EQ100_t1,557904664,1097,0x2140F318,0x0449
EQ100_t1,557900658,1097,0x2140E372,0x0449
EQ100_t1,557900665,1097,0x2140E379,0x0449
EQ100_t1,559997925,1097,0x2160E3E5,0x0449
EQ100_t1,557900544,342,0x2140E300,0x0156
EQ100_t1,557863028,1116,0x21405074,0x045C
EQ100_t1,557900545,1065,0x2140E301,0x0429
EQ100_t1,557863225,1335,0x21405139,0x0537
EQ100_t1,557862965,1335,0x21405035,0x0537
EQ100_t1,624971796,1083,0x25405014,0x043B
EQ100_t1,624971812,1083,0x25405024,0x043B
EQ100_t1,624971798,1083,0x25405016,0x043B
EQ100_t1,624971799,1083,0x25405017,0x043B
EQ100_t1,591417381,1083,0x23405025,0x043B
EQ100_t1,624971797,1083,0x25405015,0x043B
EQ100_t1,625009476,1083,0x2540E344,0x043B
EQ100_t1,624971795,1083,0x25405013,0x043B
EQ100_t1,557862946,1083,0x21405022,0x043B
EQ100_t1,625009444,1083,0x2540E324,0x043B
EQ100_t1,557863232,1083,0x21405140,0x043B
EQ100_t1,559960361,485,0x21605129,0x01E5
EQ100_t1,559997767,996,0x2160E347,0x03E4
EQ100_t1,557900548,1339,0x2140E304,0x053B
EQ100_t1,557929010,1339,0x21415232,0x053B
EQ100_t1,559960376,288,0x21605138,0x0120
EQ100_t1,560001814,663,0x2160F316,0x0297
EQ100_t1,559960370,663,0x21605132,0x0297
EQ100_t1,557863202,441,0x21405122,0x01B9
EQ100_t1,561008929,441,0x21705121,0x01B9
EQ100_t1,559996931,647,0x2160E003,0x0287
EQ100_t1,559996932,647,0x2160E004,0x0287
EQ100_t1,557863296,885,0x21405180,0x0375
EQ100_t1,557863238,885,0x21405146,0x0375
EQ100_t1,557863241,885,0x21405149,0x0375
EQ100_t1,557863240,885,0x21405148,0x0375
EQ100_t1,557863682,885,0x21405302,0x0375
EQ100_t1,557863683,885,0x21405303,0x0375
EQ100_t1,557900761,885,0x2140E3D9,0x0375
EQ100_t1,557900762,885,0x2140E3DA,0x0375
EQ100_t1,557929089,927,0x21415281,0x039F
EQ100_t1,561008916,895,0x21705114,0x037F
EQ100_t1,557928758,895,0x21415136,0x037F
EQ100_t1,561008917,895,0x21705115,0x037F
EQ100_t1,557863234,895,0x21405142,0x037F
EQ100_t1,561008743,895,0x21705067,0x037F
EQ100_t1,557928807,895,0x21415167,0x037F
EQ100_t1,557928758,895,0x21415136,0x037F
EQ100_t1,557928821,895,0x21415175,0x037F
EQ100_t1,557862967,895,0x21405037,0x037F
EQ100_t1,555765814,895,0x21205036,0x037F
EQ100_t1,557862968,895,0x21405038,0x037F
EQ100_t1,557862977,895,0x21405041,0x037F
EQ100_t1,557862969,895,0x21405039,0x037F
EQ100_t1,557863257,895,0x21405159,0x037F
EQ100_t1,557928823,895,0x21415177,0x037F
EQ100_t1,557862976,895,0x21405040,0x037F
EQ100_t1,557900678,895,0x2140E386,0x037F
EQ100_t1,557900739,895,0x2140E3C3,0x037F
EQ100_t1,557863170,859,0x21405102,0x035B
EQ100_t1,557928736,859,0x21415120,0x035B
EQ100_t1,557863441,859,0x21405211,0x035B
EQ100_t1,644894864,298,0x26705090,0x012A
EQ100_t1,557928500,860,0x21415034,0x035C
EQ100_t1,559960375,860,0x21605137,0x035C
EQ100_t1,557936647,919,0x21417007,0x0397
EQ100_t1,557900679,919,0x2140E387,0x0397
EQ100_t1,557863443,918,0x21405213,0x0396
EQ100_t1,557928854,918,0x21415196,0x0396
EQ100_t1,557863715,918,0x21405323,0x0396
EQ100_t1,557900599,918,0x2140E337,0x0396
EQ100_t1,557871120,918,0x21407010,0x0396
EQ100_t1,557900767,918,0x2140E3DF,0x0396
EQ100_t1,557900768,918,0x2140E3E0,0x0396
EQ100_t1,557863689,920,0x21405309,0x0398
EQ100_t1,557863697,920,0x21405311,0x0398
EQ100_t1,557929253,920,0x21415325,0x0398
EQ100_t1,557863699,920,0x21405313,0x0398
EQ100_t1,557928464,810,0x21415010,0x032A
EQ100_t1,557863233,810,0x21405141,0x032A
EQ100_t1,557863239,810,0x21405147,0x032A
EQ100_t1,557863272,810,0x21405168,0x032A
EQ100_t1,557863273,810,0x21405169,0x032A
EQ100_t1,557863280,810,0x21405170,0x032A
EQ100_t1,557863281,810,0x21405171,0x032A
EQ100_t1,557863282,810,0x21405172,0x032A
EQ100_t1,557863681,810,0x21405301,0x032A
EQ100_t1,557863687,810,0x21405307,0x032A
EQ100_t1,557863686,810,0x21405306,0x032A
EQ100_t1,557863577,810,0x21405299,0x032A
EQ100_t1,557863289,811,0x21405179,0x032B
EQ100_t1,557871108,811,0x21407004,0x032B
EQ100_t1,557863680,810,0x21405300,0x032A
EQ100_t1,557863684,810,0x21405304,0x032A
EQ100_t1,557863685,810,0x21405305,0x032A
EQ100_t1,557871110,810,0x21407006,0x032A
EQ100_t1,557900631,810,0x2140E357,0x032A
EQ100_t1,557929079,924,0x21415277,0x039C
EQ100_t1,557900626,924,0x2140E352,0x039C
EQ100_t1,557900628,924,0x2140E354,0x039C
EQ100_t1,557929088,926,0x21415280,0x039E
EQ100_t1,557929078,923,0x21415276,0x039B
EQ100_t1,557900617,923,0x2140E349,0x039B
EQ100_t1,557900624,923,0x2140E350,0x039B
EQ100_t1,557900625,923,0x2140E351,0x039B
EQ100_t1,557928498,861,0x21415032,0x035D
EQ100_t1,557928499,861,0x21415033,0x035D
EQ100_t1,557863446,861,0x21405216,0x035D
EQ100_t1,557863447,861,0x21405217,0x035D
EQ100_t1,557863448,861,0x21405218,0x035D
EQ100_t1,557928464,861,0x21415010,0x035D
EQ100_t1,557929081,893,0x21415279,0x037D
EQ100_t1,557928729,894,0x21415119,0x037E
EQ100_t1,557863430,894,0x21405206,0x037E
EQ100_t1,557900594,837,0x2140E332,0x0345
EQ100_t1,557900595,837,0x2140E333,0x0345
EQ100_t1,557928835,1395,0x21415183,0x0573
EQ100_t1,559997750,874,0x2160E336,0x036A
EQ100_t1,561008791,811,0x21705097,0x032B
EQ100_t1,557863064,811,0x21405098,0x032B
EQ100_t1,561008793,811,0x21705099,0x032B
EQ100_t1,561008896,811,0x21705100,0x032B
EQ100_t1,561008915,811,0x21705113,0x032B
EQ100_t1,561008914,811,0x21705112,0x032B
EQ100_t1,557863250,811,0x21405152,0x032B
EQ100_t1,561008729,811,0x21705059,0x032B
EQ100_t1,561008736,811,0x21705060,0x032B
EQ100_t1,561008737,811,0x21705061,0x032B
EQ100_t1,561008738,811,0x21705062,0x032B
EQ100_t1,561008739,811,0x21705063,0x032B
EQ100_t1,561008759,811,0x21705077,0x032B
EQ100_t1,561008776,811,0x21705088,0x032B
EQ100_t1,557863289,811,0x21405179,0x032B
EQ100_t1,557863313,811,0x21405191,0x032B
EQ100_t1,557863442,811,0x21405212,0x032B
EQ100_t1,557863456,811,0x21405220,0x032B
EQ100_t1,555765760,811,0x21205000,0x032B
EQ100_t1,557871108,811,0x21407004,0x032B
EQ100_t1,557871105,811,0x21407001,0x032B
EQ100_t1,557899777,811,0x2140E001,0x032B
EQ100_t1,557871107,811,0x21407003,0x032B
EQ100_t1,557900627,811,0x2140E353,0x032B
EQ100_t1,557900659,811,0x2140E373,0x032B
EQ100_t1,557900728,811,0x2140E3B8,0x032B
EQ100_t1,557900741,811,0x2140E3C5,0x032B
EQ100_t1,557900742,811,0x2140E3C6,0x032B
EQ100_t2,557900610,560,0x2140E342,0x0230
EQ100_t2,557900613,560,0x2140E345,0x0230
EQ100_t2,557900549,1087,0x2140E305,0x043F
EQ100_t2,557900563,1087,0x2140E313,0x043F
EQ100_t2,557900664,1087,0x2140E378,0x043F
EQ100_t2,557900704,1101,0x2140E3A0,0x044D
EQ100_t2,557900705,1101,0x2140E3A1,0x044D
EQ100_t2,557900730,1067,0x2140E3BA,0x042B
EQ100_t2,557900731,1067,0x2140E3BB,0x042B
EQ100_t2,557900732,1067,0x2140E3BC,0x042B
EQ100_t2,557900725,1066,0x2140E3B5,0x042A
EQ100_t2,557900726,1066,0x2140E3B6,0x042A
EQ100_t2,557900774,1066,0x2140E3E6,0x042A
EQ100_t2,557900757,1251,0x2140E3D5,0x04E3
EQ100_t2,557900758,1251,0x2140E3D6,0x04E3
EQ100_t2,557900597,857,0x2140E335,0x0359
EQ100_t2,557900569,1141,0x2140E319,0x0475
EQ100_t2,557966226,1084,0x2141E392,0x043C
EQ100_t2,625009555,1084,0x2540E393,0x043C
EQ100_t2,625009556,1084,0x2540E394,0x043C
EQ100_t2,557966210,262,0x2141E382,0x0106
EQ100_t2,557900672,262,0x2140E380,0x0106
EQ100_t2,557863319,513,0x21405197,0x0201
EQ100_t2,557900633,513,0x2140E359,0x0201
EQ100_t2,557900702,513,0x2140E39E,0x0201
EQ100_t2,557900677,481,0x2140E385,0x01E1
EQ100_t2,557863220,1085,0x21405134,0x043D
EQ100_t2,557900593,306,0x2140E331,0x0132
EQ100_t2,557900609,489,0x2140E341,0x01E9
EQ100_t2,557900568,489,0x2140E318,0x01E9
EQ100_t2,557900608,489,0x2140E340,0x01E9
EQ100_t2,557863040,497,0x21405080,0x01F1
EQ100_t2,557863298,497,0x21405182,0x01F1
EQ100_t2,557900560,298,0x2140E310,0x012A
EQ100_t2,557900700,298,0x2140E39C,0x012A
EQ100_t2,594563186,1085,0x23705072,0x043D
EQ100_t2,561008742,1085,0x21705066,0x043D
EQ100_t2,557863573,1085,0x21405295,0x043D
EQ100_t2,557900438,1085,0x2140E296,0x043D
EQ100_t2,557900439,1085,0x2140E297,0x043D
EQ100_t2,557900440,1085,0x2140E298,0x043D
EQ100_t2,561008752,1085,0x21705070,0x043D
EQ100_t2,561008753,1085,0x21705071,0x043D
EQ100_t2,557900441,1085,0x2140E299,0x043D
EQ100_t2,557863701,1085,0x21405315,0x043D
EQ100_t2,557900564,1085,0x2140E314,0x043D
EQ100_t2,591417383,1081,0x23405027,0x0439
EQ100_t2,591455043,1081,0x2340E343,0x0439
EQ100_t2,557900584,1081,0x2140E328,0x0439
EQ100_t2,591418128,320,0x23405310,0x0140
EQ100_t2,557863478,320,0x21405236,0x0140
EQ100_t2,561008775,320,0x21705087,0x0140
EQ100_t2,594563206,320,0x23705086,0x0140
EQ100_t2,557863284,320,0x21405174,0x0140
EQ100_t2,557863255,320,0x21405157,0x0140
EQ100_t2,561008772,320,0x21705084,0x0140
EQ100_t2,594563205,320,0x23705085,0x0140
EQ100_t2,557863570,320,0x21405292,0x0140
EQ100_t2,557900552,320,0x2140E308,0x0140
EQ100_t2,557900727,320,0x2140E3B7,0x0140
EQ100_t2,557929080,925,0x21415278,0x039D
EQ100_t2,557900616,925,0x2140E348,0x039D
EQ100_t2,658563881,1322,0x2740E329,0x052A
EQ100_t2,557862937,381,0x21405019,0x017D
EQ100_t2,561008755,381,0x21705073,0x017D
EQ100_t2,561008757,381,0x21705075,0x017D
EQ100_t2,559997753,381,0x2160E339,0x017D
EQ100_t2,557900630,381,0x2140E356,0x017D
EQ100_t2,557900657,381,0x2140E371,0x017D
EQ100_t2,557900600,381,0x2140E338,0x017D
EQ100_t2,561008977,225,0x21705151,0x00E1
EQ100_t2,557863269,225,0x21405165,0x00E1
EQ100_t2,559960132,1221,0x21605044,0x04C5
EQ100_t2,559960134,1221,0x21605046,0x04C5
EQ100_t2,559960152,1221,0x21605058,0x04C5
EQ100_t2,559960151,1221,0x21605057,0x04C5
EQ100_t2,557863572,833,0x21405294,0x0341
EQ100_t2,557862936,833,0x21405018,0x0341
EQ100_t2,557900546,833,0x2140E302,0x0341
EQ100_t2,561008709,833,0x21705045,0x0341
EQ100_t2,557900547,833,0x2140E303,0x0341
EQ100_t2,557863043,833,0x21405083,0x0341
EQ100_t2,557862945,833,0x21405021,0x0341
EQ100_t2,557863041,441,0x21405081,0x01B9
EQ100_t2,557862984,1097,0x21405048,0x0449
EQ100_t2,557904663,1097,0x2140F317,0x0449
EQ100_t2,561008721,1097,0x21705051,0x0449
EQ100_t2,557904664,1097,0x2140F318,0x0449
EQ100_t2,557900658,1097,0x2140E372,0x0449
EQ100_t2,557900665,1097,0x2140E379,0x0449
EQ100_t2,557900675,1097,0x2140E383,0x0449
EQ100_t2,557900688,1097,0x2140E390,0x0449
EQ100_t2,557900693,1097,0x2140E395,0x0449
EQ100_t2,557900724,1097,0x2140E3B4,0x0449
EQ100_t2,557900544,342,0x2140E300,0x0156
EQ100_t2,557863028,1116,0x21405074,0x045C
EQ100_t2,557900545,1065,0x2140E301,0x0429
EQ100_t2,557863225,1335,0x21405139,0x0537
EQ100_t2,557862965,1335,0x21405035,0x0537
EQ100_t2,624971796,1083,0x25405014,0x043B
EQ100_t2,624971812,1083,0x25405024,0x043B
EQ100_t2,624971798,1083,0x25405016,0x043B
EQ100_t2,624971799,1083,0x25405017,0x043B
EQ100_t2,591417381,1083,0x23405025,0x043B
EQ100_t2,624971797,1083,0x25405015,0x043B
EQ100_t2,625009476,1083,0x2540E344,0x043B
EQ100_t2,624971795,1083,0x25405013,0x043B
EQ100_t2,557862946,1083,0x21405022,0x043B
EQ100_t2,625009444,1083,0x2540E324,0x043B
EQ100_t2,557863232,1083,0x21405140,0x043B
EQ100_t2,559960361,485,0x21605129,0x01E5
EQ100_t2,559997767,996,0x2160E347,0x03E4
EQ100_t2,557900548,1339,0x2140E304,0x053B
EQ100_t2,557929010,1339,0x21415232,0x053B
EQ100_t2,559960376,288,0x21605138,0x0120
EQ100_t2,560001814,663,0x2160F316,0x0297
EQ100_t2,559960370,663,0x21605132,0x0297
EQ100_t2,557863202,441,0x21405122,0x01B9
EQ100_t2,561008929,441,0x21705121,0x01B9
EQ100_t2,559996931,647,0x2160E003,0x0287
EQ100_t2,559996932,647,0x2160E004,0x0287
EQ100_t2,557863296,885,0x21405180,0x0375
EQ100_t2,557863238,885,0x21405146,0x0375
EQ100_t2,557863241,885,0x21405149,0x0375
EQ100_t2,557863240,885,0x21405148,0x0375
EQ100_t2,557863682,885,0x21405302,0x0375
EQ100_t2,557863683,885,0x21405303,0x0375
EQ100_t2,557929089,927,0x21415281,0x039F
EQ100_t2,561008916,895,0x21705114,0x037F
EQ100_t2,557928758,895,0x21415136,0x037F
EQ100_t2,561008917,895,0x21705115,0x037F
EQ100_t2,557863234,895,0x21405142,0x037F
EQ100_t2,561008743,895,0x21705067,0x037F
EQ100_t2,557928807,895,0x21415167,0x037F
EQ100_t2,557928758,895,0x21415136,0x037F
EQ100_t2,557928821,895,0x21415175,0x037F
EQ100_t2,557862967,895,0x21405037,0x037F
EQ100_t2,555765814,895,0x21205036,0x037F
EQ100_t2,557862968,895,0x21405038,0x037F
EQ100_t2,557862977,895,0x21405041,0x037F
EQ100_t2,557862969,895,0x21405039,0x037F
EQ100_t2,557863257,895,0x21405159,0x037F
EQ100_t2,557928823,895,0x21415177,0x037F
EQ100_t2,557862976,895,0x21405040,0x037F
EQ100_t2,557900678,895,0x2140E386,0x037F
EQ100_t2,557900739,895,0x2140E3C3,0x037F
EQ100_t2,557863170,859,0x21405102,0x035B
EQ100_t2,557928736,859,0x21415120,0x035B
EQ100_t2,557863441,859,0x21405211,0x035B
EQ100_t2,557900734,859,0x2140E3BE,0x035B
EQ100_t2,644894864,298,0x26705090,0x012A
EQ100_t2,557928500,860,0x21415034,0x035C
EQ100_t2,559960375,860,0x21605137,0x035C
EQ100_t2,557936647,919,0x21417007,0x0397
EQ100_t2,557863443,918,0x21405213,0x0396
EQ100_t2,557928854,918,0x21415196,0x0396
EQ100_t2,557863715,918,0x21405323,0x0396
EQ100_t2,557900599,918,0x2140E337,0x0396
EQ100_t2,557871120,918,0x21407010,0x0396
EQ100_t2,557863689,920,0x21405309,0x0398
EQ100_t2,557863697,920,0x21405311,0x0398
EQ100_t2,557929253,920,0x21415325,0x0398
EQ100_t2,557863699,920,0x21405313,0x0398
EQ100_t2,557900736,920,0x2140E3C0,0x0398
EQ100_t2,557900735,920,0x2140E3BF,0x0398
EQ100_t2,557928464,810,0x21415010,0x032A
EQ100_t2,557863233,810,0x21405141,0x032A
EQ100_t2,557863239,810,0x21405147,0x032A
EQ100_t2,557863272,810,0x21405168,0x032A
EQ100_t2,557863273,810,0x21405169,0x032A
EQ100_t2,557863280,810,0x21405170,0x032A
EQ100_t2,557863281,810,0x21405171,0x032A
EQ100_t2,557863282,810,0x21405172,0x032A
EQ100_t2,557863681,810,0x21405301,0x032A
EQ100_t2,557863687,810,0x21405307,0x032A
EQ100_t2,557863686,810,0x21405306,0x032A
EQ100_t2,557863577,810,0x21405299,0x032A
EQ100_t2,557863289,811,0x21405179,0x032B
EQ100_t2,557871108,811,0x21407004,0x032B
EQ100_t2,557863680,810,0x21405300,0x032A
EQ100_t2,557863684,810,0x21405304,0x032A
EQ100_t2,557863685,810,0x21405305,0x032A
EQ100_t2,557871110,810,0x21407006,0x032A
EQ100_t2,557900631,810,0x2140E357,0x032A
EQ100_t2,557929079,924,0x21415277,0x039C
EQ100_t2,557900626,924,0x2140E352,0x039C
EQ100_t2,557900628,924,0x2140E354,0x039C
EQ100_t2,557929088,926,0x21415280,0x039E
EQ100_t2,557929078,923,0x21415276,0x039B
EQ100_t2,557900617,923,0x2140E349,0x039B
EQ100_t2,557900624,923,0x2140E350,0x039B
EQ100_t2,557900625,923,0x2140E351,0x039B
EQ100_t2,557928498,861,0x21415032,0x035D
EQ100_t2,557928499,861,0x21415033,0x035D
EQ100_t2,557863446,861,0x21405216,0x035D
EQ100_t2,557863447,861,0x21405217,0x035D
EQ100_t2,557863448,861,0x21405218,0x035D
EQ100_t2,557928464,861,0x21415010,0x035D
EQ100_t2,557900680,861,0x2140E388,0x035D
EQ100_t2,557929081,893,0x21415279,0x037D
EQ100_t2,557928729,894,0x21415119,0x037E
EQ100_t2,557863430,894,0x21405206,0x037E
EQ100_t2,557900594,837,0x2140E332,0x0345
EQ100_t2,557900595,837,0x2140E333,0x0345
EQ100_t2,557928835,1395,0x21415183,0x0573
EQ100_t2,559997750,874,0x2160E336,0x036A
EQ100_t2,561008791,811,0x21705097,0x032B
EQ100_t2,557863064,811,0x21405098,0x032B
EQ100_t2,561008793,811,0x21705099,0x032B
EQ100_t2,561008896,811,0x21705100,0x032B
EQ100_t2,561008915,811,0x21705113,0x032B
EQ100_t2,561008914,811,0x21705112,0x032B
EQ100_t2,557863250,811,0x21405152,0x032B
EQ100_t2,561008729,811,0x21705059,0x032B
EQ100_t2,561008736,811,0x21705060,0x032B
EQ100_t2,561008737,811,0x21705061,0x032B
EQ100_t2,561008738,811,0x21705062,0x032B
EQ100_t2,561008739,811,0x21705063,0x032B
EQ100_t2,561008759,811,0x21705077,0x032B
EQ100_t2,561008776,811,0x21705088,0x032B
EQ100_t2,557863289,811,0x21405179,0x032B
EQ100_t2,557863313,811,0x21405191,0x032B
EQ100_t2,557863442,811,0x21405212,0x032B
EQ100_t2,557863456,811,0x21405220,0x032B
EQ100_t2,555765760,811,0x21205000,0x032B
EQ100_t2,557871108,811,0x21407004,0x032B
EQ100_t2,557871105,811,0x21407001,0x032B
EQ100_t2,557899777,811,0x2140E001,0x032B
EQ100_t2,557871107,811,0x21407003,0x032B
EQ100_t2,557900627,811,0x2140E353,0x032B
EQ100_t2,557900659,811,0x2140E373,0x032B
EQ100_t2,557900728,811,0x2140E3B8,0x032B
EQ100_t2,557900741,811,0x2140E3C5,0x032B
EQ100_t2,557900742,811,0x2140E3C6,0x032B
EQ100_t3,557900610,560,0x2140E342,0x0230
EQ100_t3,557900613,560,0x2140E345,0x0230
EQ100_t3,557966226,1084,0x2141E392,0x043C
EQ100_t3,625009555,1084,0x2540E393,0x043C
EQ100_t3,625009556,1084,0x2540E394,0x043C
EQ100_t3,557900730,1067,0x2140E3BA,0x042B
EQ100_t3,557900731,1067,0x2140E3BB,0x042B
EQ100_t3,557900732,1067,0x2140E3BC,0x042B
EQ100_t3,557966279,1265,0x2141E3C7,0x04F1
EQ100_t3,557900744,1265,0x2140E3C8,0x04F1
EQ100_t3,557900745,1265,0x2140E3C9,0x04F1
EQ100_t3,557900746,1265,0x2140E3CA,0x04F1
EQ100_t3,557900747,1265,0x2140E3CB,0x04F1
EQ100_t3,557900694,1113,0x2140E396,0x0459
EQ100_t3,557900695,1113,0x2140E397,0x0459
EQ100_t3,557900701,1113,0x2140E39D,0x0459
EQ100_t3,557900737,862,0x2140E3C1,0x035E
EQ100_t3,557900738,1002,0x2140E3C2,0x03EA
EQ100_t3,557900725,1066,0x2140E3B5,0x042A
EQ100_t3,557900726,1066,0x2140E3B6,0x042A
EQ100_t3,557900565,1096,0x2140E315,0x0448
EQ100_t3,557900566,1096,0x2140E316,0x0448
EQ100_t3,557900567,1096,0x2140E317,0x0448
EQ100_t3,557900578,1096,0x2140E322,0x0448
EQ100_t3,557900579,1096,0x2140E323,0x0448
EQ100_t3,557900581,1096,0x2140E325,0x0448
EQ100_t3,557900582,1096,0x2140E326,0x0448
EQ100_t3,557900708,1100,0x2140E3A4,0x044C
EQ100_t3,557900709,1100,0x2140E3A5,0x044C
EQ100_t3,557900710,1100,0x2140E3A6,0x044C
EQ100_t3,557900711,1100,0x2140E3A7,0x044C
EQ100_t3,557900714,1100,0x2140E3AA,0x044C
EQ100_t3,557900715,1100,0x2140E3AB,0x044C
EQ100_t3,557900716,1100,0x2140E3AC,0x044C
EQ100_t3,557900717,1100,0x2140E3AD,0x044C
EQ100_t3,557900718,1100,0x2140E3AE,0x044C
EQ100_t3,557900719,1100,0x2140E3AF,0x044C
EQ100_t3,557900720,1100,0x2140E3B0,0x044C
EQ100_t3,557900721,1100,0x2140E3B1,0x044C
EQ100_t3,625009577,1100,0x2540E3A9,0x044C
EQ100_t3,557966248,1103,0x2141E3A8,0x044F
EQ100_t3,557900549,1087,0x2140E305,0x043F
EQ100_t3,557900563,1087,0x2140E313,0x043F
EQ100_t3,557900664,1087,0x2140E378,0x043F
EQ100_t3,557900704,1101,0x2140E3A0,0x044D
EQ100_t3,557900705,1101,0x2140E3A1,0x044D
EQ100_t3,557900597,857,0x2140E335,0x0359
EQ100_t3,557900569,1141,0x2140E319,0x0475
EQ100_t3,557966210,262,0x2141E382,0x0106
EQ100_t3,557900672,262,0x2140E380,0x0106
EQ100_t3,557900740,262,0x2140E3C4,0x0106
EQ100_t3,557863319,513,0x21405197,0x0201
EQ100_t3,557900633,513,0x2140E359,0x0201
EQ100_t3,557900702,513,0x2140E39E,0x0201
EQ100_t3,557900677,481,0x2140E385,0x01E1
EQ100_t3,557863220,1085,0x21405134,0x043D
EQ100_t3,557900564,1085,0x2140E314,0x043D
EQ100_t3,557900722,1085,0x2140E3B2,0x043D
EQ100_t3,557900707,1085,0x2140E3A3,0x043D
EQ100_t3,557900593,306,0x2140E331,0x0132
EQ100_t3,557900609,489,0x2140E341,0x01E9
EQ100_t3,557900568,489,0x2140E318,0x01E9
EQ100_t3,557900608,489,0x2140E340,0x01E9
EQ100_t3,557863040,497,0x21405080,0x01F1
EQ100_t3,557863298,497,0x21405182,0x01F1
EQ100_t3,557900560,298,0x2140E310,0x012A
EQ100_t3,557900700,298,0x2140E39C,0x012A
EQ100_t3,594563186,1085,0x23705072,0x043D
EQ100_t3,561008742,1085,0x21705066,0x043D
EQ100_t3,557863573,1085,0x21405295,0x043D
EQ100_t3,557900438,1085,0x2140E296,0x043D
EQ100_t3,557900439,1085,0x2140E297,0x043D
EQ100_t3,557900440,1085,0x2140E298,0x043D
EQ100_t3,561008752,1085,0x21705070,0x043D
EQ100_t3,561008753,1085,0x21705071,0x043D
EQ100_t3,557900441,1085,0x2140E299,0x043D
EQ100_t3,557863701,1085,0x21405315,0x043D
EQ100_t3,591417383,1081,0x23405027,0x0439
EQ100_t3,591455043,1081,0x2340E343,0x0439
EQ100_t3,557900584,1081,0x2140E328,0x0439
EQ100_t3,591418128,320,0x23405310,0x0140
EQ100_t3,557863478,320,0x21405236,0x0140
EQ100_t3,561008775,320,0x21705087,0x0140
EQ100_t3,594563206,320,0x23705086,0x0140
EQ100_t3,557863284,320,0x21405174,0x0140
EQ100_t3,557863255,320,0x21405157,0x0140
EQ100_t3,561008772,320,0x21705084,0x0140
EQ100_t3,594563205,320,0x23705085,0x0140
EQ100_t3,557863570,320,0x21405292,0x0140
EQ100_t3,557900552,320,0x2140E308,0x0140
EQ100_t3,557900727,320,0x2140E3B7,0x0140
EQ100_t3,557900748,320,0x2140E3CC,0x0140
EQ100_t3,557929080,925,0x21415278,0x039D
EQ100_t3,557900616,925,0x2140E348,0x039D
EQ100_t3,658563881,1322,0x2740E329,0x052A
EQ100_t3,557862937,381,0x21405019,0x017D
EQ100_t3,561008755,381,0x21705073,0x017D
EQ100_t3,561008757,381,0x21705075,0x017D
EQ100_t3,559997753,381,0x2160E339,0x017D
EQ100_t3,557900630,381,0x2140E356,0x017D
EQ100_t3,557900657,381,0x2140E371,0x017D
EQ100_t3,557900600,381,0x2140E338,0x017D
EQ100_t3,561008977,225,0x21705151,0x00E1
EQ100_t3,557863269,225,0x21405165,0x00E1
EQ100_t3,559960132,1221,0x21605044,0x04C5
EQ100_t3,559960134,1221,0x21605046,0x04C5
EQ100_t3,559960152,1221,0x21605058,0x04C5
EQ100_t3,559960151,1221,0x21605057,0x04C5
EQ100_t3,557863572,833,0x21405294,0x0341
EQ100_t3,557862936,833,0x21405018,0x0341
EQ100_t3,557900546,833,0x2140E302,0x0341
EQ100_t3,561008709,833,0x21705045,0x0341
EQ100_t3,557900547,833,0x2140E303,0x0341
EQ100_t3,557863043,833,0x21405083,0x0341
EQ100_t3,557862945,833,0x21405021,0x0341
EQ100_t3,557863041,441,0x21405081,0x01B9
EQ100_t3,557862984,1097,0x21405048,0x0449
EQ100_t3,557904663,1097,0x2140F317,0x0449
EQ100_t3,561008721,1097,0x21705051,0x0449
EQ100_t3,557904664,1097,0x2140F318,0x0449
EQ100_t3,557900658,1097,0x2140E372,0x0449
EQ100_t3,557900665,1097,0x2140E379,0x0449
EQ100_t3,557900675,1097,0x2140E383,0x0449
EQ100_t3,557900688,1097,0x2140E390,0x0449
EQ100_t3,557900693,1097,0x2140E395,0x0449
EQ100_t3,557900724,1097,0x2140E3B4,0x0449
EQ100_t3,557900544,342,0x2140E300,0x0156
EQ100_t3,557863028,1116,0x21405074,0x045C
EQ100_t3,557900545,1065,0x2140E301,0x0429
EQ100_t3,557863225,1335,0x21405139,0x0537
EQ100_t3,557862965,1335,0x21405035,0x0537
EQ100_t3,624971796,1083,0x25405014,0x043B
EQ100_t3,624971812,1083,0x25405024,0x043B
EQ100_t3,624971798,1083,0x25405016,0x043B
EQ100_t3,624971799,1083,0x25405017,0x043B
EQ100_t3,591417381,1083,0x23405025,0x043B
EQ100_t3,624971797,1083,0x25405015,0x043B
EQ100_t3,625009476,1083,0x2540E344,0x043B
EQ100_t3,624971795,1083,0x25405013,0x043B
EQ100_t3,557862946,1083,0x21405022,0x043B
EQ100_t3,625009444,1083,0x2540E324,0x043B
EQ100_t3,557863232,1083,0x21405140,0x043B
EQ100_t3,559960361,485,0x21605129,0x01E5
EQ100_t3,559997767,996,0x2160E347,0x03E4
EQ100_t3,557900548,1339,0x2140E304,0x053B
EQ100_t3,557929010,1339,0x21415232,0x053B
EQ100_t3,559960376,288,0x21605138,0x0120
EQ100_t3,560001814,663,0x2160F316,0x0297
EQ100_t3,559960370,663,0x21605132,0x0297
EQ100_t3,557863202,441,0x21405122,0x01B9
EQ100_t3,561008929,441,0x21705121,0x01B9
EQ100_t3,559996931,647,0x2160E003,0x0287
EQ100_t3,559996932,647,0x2160E004,0x0287
EQ100_t3,557863296,885,0x21405180,0x0375
EQ100_t3,557863238,885,0x21405146,0x0375
EQ100_t3,557863241,885,0x21405149,0x0375
EQ100_t3,557863240,885,0x21405148,0x0375
EQ100_t3,557863682,885,0x21405302,0x0375
EQ100_t3,557863683,885,0x21405303,0x0375
EQ100_t3,557929089,927,0x21415281,0x039F
EQ100_t3,561008916,895,0x21705114,0x037F
EQ100_t3,557928758,895,0x21415136,0x037F
EQ100_t3,561008917,895,0x21705115,0x037F
EQ100_t3,557863234,895,0x21405142,0x037F
EQ100_t3,561008743,895,0x21705067,0x037F
EQ100_t3,557928807,895,0x21415167,0x037F
EQ100_t3,557928758,895,0x21415136,0x037F
EQ100_t3,557928821,895,0x21415175,0x037F
EQ100_t3,557862967,895,0x21405037,0x037F
EQ100_t3,555765814,895,0x21205036,0x037F
EQ100_t3,557862968,895,0x21405038,0x037F
EQ100_t3,557862977,895,0x21405041,0x037F
EQ100_t3,557862969,895,0x21405039,0x037F
EQ100_t3,557863257,895,0x21405159,0x037F
EQ100_t3,557928823,895,0x21415177,0x037F
EQ100_t3,557862976,895,0x21405040,0x037F
EQ100_t3,557900678,895,0x2140E386,0x037F
EQ100_t3,557900739,895,0x2140E3C3,0x037F
EQ100_t3,557863170,859,0x21405102,0x035B
EQ100_t3,557928736,859,0x21415120,0x035B
EQ100_t3,557863441,859,0x21405211,0x035B
EQ100_t3,644894864,298,0x26705090,0x012A
EQ100_t3,557928500,860,0x21415034,0x035C
EQ100_t3,559960375,860,0x21605137,0x035C
EQ100_t3,557936647,919,0x21417007,0x0397
EQ100_t3,557863443,918,0x21405213,0x0396
EQ100_t3,557928854,918,0x21415196,0x0396
EQ100_t3,557863715,918,0x21405323,0x0396
EQ100_t3,557900599,918,0x2140E337,0x0396
EQ100_t3,557871120,918,0x21407010,0x0396
EQ100_t3,557863689,920,0x21405309,0x0398
EQ100_t3,557863697,920,0x21405311,0x0398
EQ100_t3,557929253,920,0x21415325,0x0398
EQ100_t3,557863699,920,0x21405313,0x0398
EQ100_t3,557928464,810,0x21415010,0x032A
EQ100_t3,557863233,810,0x21405141,0x032A
EQ100_t3,557863239,810,0x21405147,0x032A
EQ100_t3,557863272,810,0x21405168,0x032A
EQ100_t3,557863273,810,0x21405169,0x032A
EQ100_t3,557863280,810,0x21405170,0x032A
EQ100_t3,557863281,810,0x21405171,0x032A
EQ100_t3,557863282,810,0x21405172,0x032A
EQ100_t3,557863681,810,0x21405301,0x032A
EQ100_t3,557863687,810,0x21405307,0x032A
EQ100_t3,557863686,810,0x21405306,0x032A
EQ100_t3,557863577,810,0x21405299,0x032A
EQ100_t3,557863289,811,0x21405179,0x032B
EQ100_t3,557871108,811,0x21407004,0x032B
EQ100_t3,557863680,810,0x21405300,0x032A
EQ100_t3,557863684,810,0x21405304,0x032A
EQ100_t3,557863685,810,0x21405305,0x032A
EQ100_t3,557871110,810,0x21407006,0x032A
EQ100_t3,557900631,810,0x2140E357,0x032A
EQ100_t3,557929079,924,0x21415277,0x039C
EQ100_t3,557900626,924,0x2140E352,0x039C
EQ100_t3,557900628,924,0x2140E354,0x039C
EQ100_t3,557929088,926,0x21415280,0x039E
EQ100_t3,557929078,923,0x21415276,0x039B
EQ100_t3,557900617,923,0x2140E349,0x039B
EQ100_t3,557900624,923,0x2140E350,0x039B
EQ100_t3,557900625,923,0x2140E351,0x039B
EQ100_t3,557928498,861,0x21415032,0x035D
EQ100_t3,557928499,861,0x21415033,0x035D
EQ100_t3,557863446,861,0x21405216,0x035D
EQ100_t3,557863447,861,0x21405217,0x035D
EQ100_t3,557863448,861,0x21405218,0x035D
EQ100_t3,557928464,861,0x21415010,0x035D
EQ100_t3,557900680,861,0x2140E388,0x035D
EQ100_t3,557929081,893,0x21415279,0x037D
EQ100_t3,557928729,894,0x21415119,0x037E
EQ100_t3,557863430,894,0x21405206,0x037E
EQ100_t3,557900594,837,0x2140E332,0x0345
EQ100_t3,557900595,837,0x2140E333,0x0345
EQ100_t3,557928835,1395,0x21415183,0x0573
EQ100_t3,559997750,874,0x2160E336,0x036A
EQ100_t3,561008791,811,0x21705097,0x032B
EQ100_t3,557863064,811,0x21405098,0x032B
EQ100_t3,561008793,811,0x21705099,0x032B
EQ100_t3,561008896,811,0x21705100,0x032B
EQ100_t3,561008915,811,0x21705113,0x032B
EQ100_t3,561008914,811,0x21705112,0x032B
EQ100_t3,557863250,811,0x21405152,0x032B
EQ100_t3,561008729,811,0x21705059,0x032B
EQ100_t3,561008736,811,0x21705060,0x032B
EQ100_t3,561008737,811,0x21705061,0x032B
EQ100_t3,561008738,811,0x21705062,0x032B
EQ100_t3,561008739,811,0x21705063,0x032B
EQ100_t3,561008759,811,0x21705077,0x032B
EQ100_t3,561008776,811,0x21705088,0x032B
EQ100_t3,557863289,811,0x21405179,0x032B
EQ100_t3,557863313,811,0x21405191,0x032B
EQ100_t3,557863442,811,0x21405212,0x032B
EQ100_t3,557863456,811,0x21405220,0x032B
EQ100_t3,555765760,811,0x21205000,0x032B
EQ100_t3,557871108,811,0x21407004,0x032B
EQ100_t3,557871105,811,0x21407001,0x032B
EQ100_t3,557899777,811,0x2140E001,0x032B
EQ100_t3,557871107,811,0x21407003,0x032B
EQ100_t3,557900627,811,0x2140E353,0x032B
EQ100_t3,557900659,811,0x2140E373,0x032B
EQ100_t3,557900728,811,0x2140E3B8,0x032B
EQ100_t3,557900741,811,0x2140E3C5,0x032B
EQ100_t3,557900742,811,0x2140E3C6,0x032B
EQ100_t4,557900610,560,0x2140E342,0x0230
EQ100_t4,557900613,560,0x2140E345,0x0230
EQ100_t4,557900597,857,0x2140E335,0x0359
EQ100_t4,557900569,1141,0x2140E319,0x0475
EQ100_t4,557863319,513,0x21405197,0x0201
EQ100_t4,557900633,513,0x2140E359,0x0201
EQ100_t4,557900702,513,0x2140E39E,0x0201
EQ100_t4,557863220,1085,0x21405134,0x043D
EQ100_t4,557900593,306,0x2140E331,0x0132
EQ100_t4,557900609,489,0x2140E341,0x01E9
EQ100_t4,557900568,489,0x2140E318,0x01E9
EQ100_t4,557900608,489,0x2140E340,0x01E9
EQ100_t4,557863040,497,0x21405080,0x01F1
EQ100_t4,557863298,497,0x21405182,0x01F1
EQ100_t4,557900560,298,0x2140E310,0x012A
EQ100_t4,557900700,298,0x2140E39C,0x012A
EQ100_t4,594563186,1085,0x23705072,0x043D
EQ100_t4,561008742,1085,0x21705066,0x043D
EQ100_t4,557863573,1085,0x21405295,0x043D
EQ100_t4,557900438,1085,0x2140E296,0x043D
EQ100_t4,557900439,1085,0x2140E297,0x043D
EQ100_t4,557900440,1085,0x2140E298,0x043D
EQ100_t4,561008752,1085,0x21705070,0x043D
EQ100_t4,561008753,1085,0x21705071,0x043D
EQ100_t4,557900441,1085,0x2140E299,0x043D
EQ100_t4,557863701,1085,0x21405315,0x043D
EQ100_t4,591417383,1081,0x23405027,0x0439
EQ100_t4,591455043,1081,0x2340E343,0x0439
EQ100_t4,557900584,1081,0x2140E328,0x0439
EQ100_t4,591418128,320,0x23405310,0x0140
EQ100_t4,557863478,320,0x21405236,0x0140
EQ100_t4,561008775,320,0x21705087,0x0140
EQ100_t4,594563206,320,0x23705086,0x0140
EQ100_t4,557863284,320,0x21405174,0x0140
EQ100_t4,557863255,320,0x21405157,0x0140
EQ100_t4,561008772,320,0x21705084,0x0140
EQ100_t4,594563205,320,0x23705085,0x0140
EQ100_t4,557863570,320,0x21405292,0x0140
EQ100_t4,557900552,320,0x2140E308,0x0140
EQ100_t4,557929080,925,0x21415278,0x039D
EQ100_t4,557900616,925,0x2140E348,0x039D
EQ100_t4,658563881,1322,0x2740E329,0x052A
EQ100_t4,557862937,381,0x21405019,0x017D
EQ100_t4,561008755,381,0x21705073,0x017D
EQ100_t4,561008757,381,0x21705075,0x017D
EQ100_t4,559997753,381,0x2160E339,0x017D
EQ100_t4,557900630,381,0x2140E356,0x017D
EQ100_t4,561008977,225,0x21705151,0x00E1
EQ100_t4,557863269,225,0x21405165,0x00E1
EQ100_t4,559960132,1221,0x21605044,0x04C5
EQ100_t4,559960134,1221,0x21605046,0x04C5
EQ100_t4,559960152,1221,0x21605058,0x04C5
EQ100_t4,559960151,1221,0x21605057,0x04C5
EQ100_t4,557863572,833,0x21405294,0x0341
EQ100_t4,557862936,833,0x21405018,0x0341
EQ100_t4,557900546,833,0x2140E302,0x0341
EQ100_t4,561008709,833,0x21705045,0x0341
EQ100_t4,557900547,833,0x2140E303,0x0341
EQ100_t4,557863043,833,0x21405083,0x0341
EQ100_t4,557862945,833,0x21405021,0x0341
EQ100_t4,557863041,441,0x21405081,0x01B9
EQ100_t4,557862984,1097,0x21405048,0x0449
EQ100_t4,557904663,1097,0x2140F317,0x0449
EQ100_t4,561008721,1097,0x21705051,0x0449
EQ100_t4,557904664,1097,0x2140F318,0x0449
EQ100_t4,557900658,1097,0x2140E372,0x0449
EQ100_t4,557900665,1097,0x2140E379,0x0449
EQ100_t4,557900544,342,0x2140E300,0x0156
EQ100_t4,557863028,1116,0x21405074,0x045C
EQ100_t4,557900545,1065,0x2140E301,0x0429
EQ100_t4,557863225,1335,0x21405139,0x0537
EQ100_t4,557862965,1335,0x21405035,0x0537
EQ100_t4,624971796,1083,0x25405014,0x043B
EQ100_t4,624971812,1083,0x25405024,0x043B
EQ100_t4,624971798,1083,0x25405016,0x043B
EQ100_t4,624971799,1083,0x25405017,0x043B
EQ100_t4,591417381,1083,0x23405025,0x043B
EQ100_t4,624971797,1083,0x25405015,0x043B
EQ100_t4,625009476,1083,0x2540E344,0x043B
EQ100_t4,624971795,1083,0x25405013,0x043B
EQ100_t4,557862946,1083,0x21405022,0x043B
EQ100_t4,625009444,1083,0x2540E324,0x043B
EQ100_t4,557863232,1083,0x21405140,0x043B
EQ100_t4,559960361,485,0x21605129,0x01E5
EQ100_t4,559997767,996,0x2160E347,0x03E4
EQ100_t4,557900548,1339,0x2140E304,0x053B
EQ100_t4,557929010,1339,0x21415232,0x053B
EQ100_t4,559960376,288,0x21605138,0x0120
EQ100_t4,560001814,663,0x2160F316,0x0297
EQ100_t4,559960370,663,0x21605132,0x0297
EQ100_t4,557863202,441,0x21405122,0x01B9
EQ100_t4,561008929,441,0x21705121,0x01B9
EQ100_t4,559996931,647,0x2160E003,0x0287
EQ100_t4,559996932,647,0x2160E004,0x0287
EQ100_t4,557863296,885,0x21405180,0x0375
EQ100_t4,557863238,885,0x21405146,0x0375
EQ100_t4,557863241,885,0x21405149,0x0375
EQ100_t4,557863240,885,0x21405148,0x0375
EQ100_t4,557863682,885,0x21405302,0x0375
EQ100_t4,557863683,885,0x21405303,0x0375
EQ100_t4,557929089,927,0x21415281,0x039F
EQ100_t4,561008916,895,0x21705114,0x037F
EQ100_t4,557928758,895,0x21415136,0x037F
EQ100_t4,561008917,895,0x21705115,0x037F
EQ100_t4,557863234,895,0x21405142,0x037F
EQ100_t4,561008743,895,0x21705067,0x037F
EQ100_t4,557928807,895,0x21415167,0x037F
EQ100_t4,557928758,895,0x21415136,0x037F
EQ100_t4,557928821,895,0x21415175,0x037F
EQ100_t4,557862967,895,0x21405037,0x037F
EQ100_t4,555765814,895,0x21205036,0x037F
EQ100_t4,557862968,895,0x21405038,0x037F
EQ100_t4,557862977,895,0x21405041,0x037F
EQ100_t4,557862969,895,0x21405039,0x037F
EQ100_t4,557863257,895,0x21405159,0x037F
EQ100_t4,557928823,895,0x21415177,0x037F
EQ100_t4,557862976,895,0x21405040,0x037F
EQ100_t4,557900678,895,0x2140E386,0x037F
EQ100_t4,557863170,859,0x21405102,0x035B
EQ100_t4,557928736,859,0x21415120,0x035B
EQ100_t4,557863441,859,0x21405211,0x035B
EQ100_t4,644894864,298,0x26705090,0x012A
EQ100_t4,557928500,860,0x21415034,0x035C
EQ100_t4,559960375,860,0x21605137,0x035C
EQ100_t4,557936647,919,0x21417007,0x0397
EQ100_t4,557900679,919,0x2140E387,0x0397
EQ100_t4,557863443,918,0x21405213,0x0396
EQ100_t4,557928854,918,0x21415196,0x0396
EQ100_t4,557863715,918,0x21405323,0x0396
EQ100_t4,557900599,918,0x2140E337,0x0396
EQ100_t4,557871120,918,0x21407010,0x0396
EQ100_t4,557863689,920,0x21405309,0x0398
EQ100_t4,557863697,920,0x21405311,0x0398
EQ100_t4,557929253,920,0x21415325,0x0398
EQ100_t4,557863699,920,0x21405313,0x0398
EQ100_t4,557928464,810,0x21415010,0x032A
EQ100_t4,557863233,810,0x21405141,0x032A
EQ100_t4,557863239,810,0x21405147,0x032A
EQ100_t4,557863272,810,0x21405168,0x032A
EQ100_t4,557863273,810,0x21405169,0x032A
EQ100_t4,557863280,810,0x21405170,0x032A
EQ100_t4,557863281,810,0x21405171,0x032A
EQ100_t4,557863282,810,0x21405172,0x032A
EQ100_t4,557863681,810,0x21405301,0x032A
EQ100_t4,557863687,810,0x21405307,0x032A
EQ100_t4,557863686,810,0x21405306,0x032A
EQ100_t4,557863577,810,0x21405299,0x032A
EQ100_t4,557863289,811,0x21405179,0x032B
EQ100_t4,557871108,811,0x21407004,0x032B
EQ100_t4,557863680,810,0x21405300,0x032A
EQ100_t4,557863684,810,0x21405304,0x032A
EQ100_t4,557863685,810,0x21405305,0x032A
EQ100_t4,557871110,810,0x21407006,0x032A
EQ100_t4,557929079,924,0x21415277,0x039C
EQ100_t4,557900626,924,0x2140E352,0x039C
EQ100_t4,557900628,924,0x2140E354,0x039C
EQ100_t4,557929088,926,0x21415280,0x039E
EQ100_t4,557929078,923,0x21415276,0x039B
EQ100_t4,557900617,923,0x2140E349,0x039B
EQ100_t4,557900624,923,0x2140E350,0x039B
EQ100_t4,557900625,923,0x2140E351,0x039B
EQ100_t4,557928498,861,0x21415032,0x035D
EQ100_t4,557928499,861,0x21415033,0x035D
EQ100_t4,557863446,861,0x21405216,0x035D
EQ100_t4,557863447,861,0x21405217,0x035D
EQ100_t4,557863448,861,0x21405218,0x035D
EQ100_t4,557928464,861,0x21415010,0x035D
EQ100_t4,557929081,893,0x21415279,0x037D
EQ100_t4,557900763,893,0x2140E3DB,0x037D
EQ100_t4,557900764,893,0x2140E3DC,0x037D
EQ100_t4,557900765,893,0x2140E3DD,0x037D
EQ100_t4,557900766,893,0x2140E3DE,0x037D
EQ100_t4,557928729,894,0x21415119,0x037E
EQ100_t4,557863430,894,0x21405206,0x037E
EQ100_t4,557900594,837,0x2140E332,0x0345
EQ100_t4,557900595,837,0x2140E333,0x0345
EQ100_t4,557928835,1395,0x21415183,0x0573
EQ100_t4,559997750,874,0x2160E336,0x036A
EQ100_t4,561008791,811,0x21705097,0x032B
EQ100_t4,557863064,811,0x21405098,0x032B
EQ100_t4,561008793,811,0x21705099,0x032B
EQ100_t4,561008896,811,0x21705100,0x032B
EQ100_t4,561008915,811,0x21705113,0x032B
EQ100_t4,561008914,811,0x21705112,0x032B
EQ100_t4,557863250,811,0x21405152,0x032B
EQ100_t4,561008729,811,0x21705059,0x032B
EQ100_t4,561008736,811,0x21705060,0x032B
EQ100_t4,561008737,811,0x21705061,0x032B
EQ100_t4,561008738,811,0x21705062,0x032B
EQ100_t4,561008739,811,0x21705063,0x032B
EQ100_t4,561008759,811,0x21705077,0x032B
EQ100_t4,561008776,811,0x21705088,0x032B
EQ100_t4,557863289,811,0x21405179,0x032B
EQ100_t4,557863313,811,0x21405191,0x032B
EQ100_t4,557863442,811,0x21405212,0x032B
EQ100_t4,557863456,811,0x21405220,0x032B
EQ100_t4,555765760,811,0x21205000,0x032B
EQ100_t4,557871108,811,0x21407004,0x032B
EQ100_t4,557871105,811,0x21407001,0x032B
EQ100_t4,557899777,811,0x2140E001,0x032B
EQ100_t4,557871107,811,0x21407003,0x032B
EQ100_t4,557900627,811,0x2140E353,0x032B
EQ100_t4,557900659,811,0x2140E373,0x032B
EQ100_t5,557900610,560,0x2140E342,0x0230
EQ100_t5,557900613,560,0x2140E345,0x0230
EQ100_t5,557900550,1104,0x2140E306,0x0450
EQ100_t5,557900577,1104,0x2140E321,0x0450
EQ100_t5,557900569,1141,0x2140E319,0x0475
EQ100_t5,557966226,1084,0x2141E392,0x043C
EQ100_t5,625009555,1084,0x2540E393,0x043C
EQ100_t5,625009556,1084,0x2540E394,0x043C
EQ100_t5,557900672,262,0x2140E380,0x0106
EQ100_t5,557966210,262,0x2141E382,0x0106
EQ100_t5,559997848,840,0x2160E398,0x0348
EQ100_t5,559997849,840,0x2160E399,0x0348
EQ100_t5,559997850,842,0x2160E39A,0x034A
EQ100_t5,559997851,842,0x2160E39B,0x034A
EQ100_t5,557900694,1113,0x2140E396,0x0459
EQ100_t5,557900695,1113,0x2140E397,0x0459
EQ100_t5,557900701,1113,0x2140E39D,0x0459
EQ100_t5,557900549,1087,0x2140E305,0x043F
EQ100_t5,557900563,1087,0x2140E313,0x043F
EQ100_t5,557900664,1087,0x2140E378,0x043F
EQ100_t5,557863319,513,0x21405197,0x0201
EQ100_t5,557900633,513,0x2140E359,0x0201
EQ100_t5,557900702,513,0x2140E39E,0x0201
EQ100_t5,557900677,481,0x2140E385,0x01E1
EQ100_t5,557863220,1085,0x21405134,0x043D
EQ100_t5,557900564,1085,0x2140E314,0x043D
EQ100_t5,557900593,306,0x2140E331,0x0132
EQ100_t5,557900609,489,0x2140E341,0x01E9
EQ100_t5,557900568,489,0x2140E318,0x01E9
EQ100_t5,557900608,489,0x2140E340,0x01E9
EQ100_t5,557863040,497,0x21405080,0x01F1
EQ100_t5,557863298,497,0x21405182,0x01F1
EQ100_t5,557900560,298,0x2140E310,0x012A
EQ100_t5,557900700,298,0x2140E39C,0x012A
EQ100_t5,594563186,1085,0x23705072,0x043D
EQ100_t5,561008742,1085,0x21705066,0x043D
EQ100_t5,557863573,1085,0x21405295,0x043D
EQ100_t5,557900438,1085,0x2140E296,0x043D
EQ100_t5,557900439,1085,0x2140E297,0x043D
EQ100_t5,557900440,1085,0x2140E298,0x043D
EQ100_t5,561008752,1085,0x21705070,0x043D
EQ100_t5,561008753,1085,0x21705071,0x043D
EQ100_t5,557900441,1085,0x2140E299,0x043D
EQ100_t5,557863701,1085,0x21405315,0x043D
EQ100_t5,591417383,1081,0x23405027,0x0439
EQ100_t5,591455043,1081,0x2340E343,0x0439
EQ100_t5,557900584,1081,0x2140E328,0x0439
EQ100_t5,591418128,320,0x23405310,0x0140
EQ100_t5,557863478,320,0x21405236,0x0140
EQ100_t5,561008775,320,0x21705087,0x0140
EQ100_t5,594563206,320,0x23705086,0x0140
EQ100_t5,557863284,320,0x21405174,0x0140
EQ100_t5,557863255,320,0x21405157,0x0140
EQ100_t5,561008772,320,0x21705084,0x0140
EQ100_t5,594563205,320,0x23705085,0x0140
EQ100_t5,557863570,320,0x21405292,0x0140
EQ100_t5,557900552,320,0x2140E308,0x0140
EQ100_t5,557900727,320,0x2140E3B7,0x0140
EQ100_t5,557929080,925,0x21415278,0x039D
EQ100_t5,557900616,925,0x2140E348,0x039D
EQ100_t5,658563881,1322,0x2740E329,0x052A
EQ100_t5,557862937,381,0x21405019,0x017D
EQ100_t5,561008755,381,0x21705073,0x017D
EQ100_t5,561008757,381,0x21705075,0x017D
EQ100_t5,559997753,381,0x2160E339,0x017D
EQ100_t5,557900630,381,0x2140E356,0x017D
EQ100_t5,557900657,381,0x2140E371,0x017D
EQ100_t5,561008977,225,0x21705151,0x00E1
EQ100_t5,557863269,225,0x21405165,0x00E1
EQ100_t5,559960132,1221,0x21605044,0x04C5
EQ100_t5,559960134,1221,0x21605046,0x04C5
EQ100_t5,559960152,1221,0x21605058,0x04C5
EQ100_t5,559960151,1221,0x21605057,0x04C5
EQ100_t5,557863572,833,0x21405294,0x0341
EQ100_t5,557862936,833,0x21405018,0x0341
EQ100_t5,557900546,833,0x2140E302,0x0341
EQ100_t5,561008709,833,0x21705045,0x0341
EQ100_t5,557900547,833,0x2140E303,0x0341
EQ100_t5,557863043,833,0x21405083,0x0341
EQ100_t5,557862945,833,0x21405021,0x0341
EQ100_t5,557863041,441,0x21405081,0x01B9
EQ100_t5,557862984,1097,0x21405048,0x0449
EQ100_t5,557904663,1097,0x2140F317,0x0449
EQ100_t5,561008721,1097,0x21705051,0x0449
EQ100_t5,557904664,1097,0x2140F318,0x0449
EQ100_t5,557900658,1097,0x2140E372,0x0449
EQ100_t5,557900665,1097,0x2140E379,0x0449
EQ100_t5,557900675,1097,0x2140E383,0x0449
EQ100_t5,557900688,1097,0x2140E390,0x0449
EQ100_t5,557900693,1097,0x2140E395,0x0449
EQ100_t5,557900724,1097,0x2140E3B4,0x0449
EQ100_t5,557900725,1066,0x2140E3B5,0x042A
EQ100_t5,557900726,1066,0x2140E3B6,0x042A
EQ100_t5,557900774,1066,0x2140E3E6,0x042A
EQ100_t5,557900757,1251,0x2140E3D5,0x04E3
EQ100_t5,557900758,1251,0x2140E3D6,0x04E3
EQ100_t5,557900544,342,0x2140E300,0x0156
EQ100_t5,557863028,1116,0x21405074,0x045C
EQ100_t5,557900545,1065,0x2140E301,0x0429
EQ100_t5,557863225,1335,0x21405139,0x0537
EQ100_t5,557862965,1335,0x21405035,0x0537
EQ100_t5,624971796,1083,0x25405014,0x043B
EQ100_t5,624971812,1083,0x25405024,0x043B
EQ100_t5,624971798,1083,0x25405016,0x043B
EQ100_t5,624971799,1083,0x25405017,0x043B
EQ100_t5,591417381,1083,0x23405025,0x043B
EQ100_t5,624971797,1083,0x25405015,0x043B
EQ100_t5,625009476,1083,0x2540E344,0x043B
EQ100_t5,624971795,1083,0x25405013,0x043B
EQ100_t5,557862946,1083,0x21405022,0x043B
EQ100_t5,625009444,1083,0x2540E324,0x043B
EQ100_t5,557863232,1083,0x21405140,0x043B
EQ100_t5,559960361,485,0x21605129,0x01E5
EQ100_t5,559997767,996,0x2160E347,0x03E4
EQ100_t5,557900548,1339,0x2140E304,0x053B
EQ100_t5,557929010,1339,0x21415232,0x053B
EQ100_t5,559960376,288,0x21605138,0x0120
EQ100_t5,560001814,663,0x2160F316,0x0297
EQ100_t5,559960370,663,0x21605132,0x0297
EQ100_t5,557863202,441,0x21405122,0x01B9
EQ100_t5,561008929,441,0x21705121,0x01B9
EQ100_t5,559996931,647,0x2160E003,0x0287
EQ100_t5,559996932,647,0x2160E004,0x0287
EQ100_t5,557863296,885,0x21405180,0x0375
EQ100_t5,557863238,885,0x21405146,0x0375
EQ100_t5,557863241,885,0x21405149,0x0375
EQ100_t5,557863240,885,0x21405148,0x0375
EQ100_t5,557863682,885,0x21405302,0x0375
EQ100_t5,557863683,885,0x21405303,0x0375
EQ100_t5,557929089,927,0x21415281,0x039F
EQ100_t5,561008916,895,0x21705114,0x037F
EQ100_t5,557928758,895,0x21415136,0x037F
EQ100_t5,561008917,895,0x21705115,0x037F
EQ100_t5,557863234,895,0x21405142,0x037F
EQ100_t5,561008743,895,0x21705067,0x037F
EQ100_t5,557928807,895,0x21415167,0x037F
EQ100_t5,557928758,895,0x21415136,0x037F
EQ100_t5,557928821,895,0x21415175,0x037F
EQ100_t5,557862967,895,0x21405037,0x037F
EQ100_t5,555765814,895,0x21205036,0x037F
EQ100_t5,557862968,895,0x21405038,0x037F
EQ100_t5,557862977,895,0x21405041,0x037F
EQ100_t5,557862969,895,0x21405039,0x037F
EQ100_t5,557863257,895,0x21405159,0x037F
EQ100_t5,557928823,895,0x21415177,0x037F
EQ100_t5,557862976,895,0x21405040,0x037F
EQ100_t5,557900678,895,0x2140E386,0x037F
EQ100_t5,557863170,859,0x21405102,0x035B
EQ100_t5,557928736,859,0x21415120,0x035B
EQ100_t5,557863441,859,0x21405211,0x035B
EQ100_t5,644894864,298,0x26705090,0x012A
EQ100_t5,557928500,860,0x21415034,0x035C
EQ100_t5,559960375,860,0x21605137,0x035C
EQ100_t5,557936647,919,0x21417007,0x0397
EQ100_t5,557900679,919,0x2140E387,0x0397
EQ100_t5,557863443,918,0x21405213,0x0396
EQ100_t5,557928854,918,0x21415196,0x0396
EQ100_t5,557863715,918,0x21405323,0x0396
EQ100_t5,557900599,918,0x2140E337,0x0396
EQ100_t5,557871120,918,0x21407010,0x0396
EQ100_t5,557863689,920,0x21405309,0x0398
EQ100_t5,557863697,920,0x21405311,0x0398
EQ100_t5,557929253,920,0x21415325,0x0398
EQ100_t5,557863699,920,0x21405313,0x0398
EQ100_t5,557928464,810,0x21415010,0x032A
EQ100_t5,557863233,810,0x21405141,0x032A
EQ100_t5,557863239,810,0x21405147,0x032A
EQ100_t5,557863272,810,0x21405168,0x032A
EQ100_t5,557863273,810,0x21405169,0x032A
EQ100_t5,557863280,810,0x21405170,0x032A
EQ100_t5,557863281,810,0x21405171,0x032A
EQ100_t5,557863282,810,0x21405172,0x032A
EQ100_t5,557863681,810,0x21405301,0x032A
EQ100_t5,557863687,810,0x21405307,0x032A
EQ100_t5,557863686,810,0x21405306,0x032A
EQ100_t5,557863577,810,0x21405299,0x032A
EQ100_t5,557900631,810,0x2140E357,0x032A
EQ100_t5,557863289,811,0x21405179,0x032B
EQ100_t5,557871108,811,0x21407004,0x032B
EQ100_t5,557863680,810,0x21405300,0x032A
EQ100_t5,557863684,810,0x21405304,0x032A
EQ100_t5,557863685,810,0x21405305,0x032A
EQ100_t5,557871110,810,0x21407006,0x032A
EQ100_t5,557929079,924,0x21415277,0x039C
EQ100_t5,557900626,924,0x2140E352,0x039C
EQ100_t5,557900628,924,0x2140E354,0x039C
EQ100_t5,557929088,926,0x21415280,0x039E
EQ100_t5,557929078,923,0x21415276,0x039B
EQ100_t5,557900617,923,0x2140E349,0x039B
EQ100_t5,557900624,923,0x2140E350,0x039B
EQ100_t5,557900625,923,0x2140E351,0x039B
EQ100_t5,557928498,861,0x21415032,0x035D
EQ100_t5,557928499,861,0x21415033,0x035D
EQ100_t5,557863446,861,0x21405216,0x035D
EQ100_t5,557863447,861,0x21405217,0x035D
EQ100_t5,557863448,861,0x21405218,0x035D
EQ100_t5,557928464,861,0x21415010,0x035D
EQ100_t5,557929081,893,0x21415279,0x037D
EQ100_t5,557900660,893,0x2140E374,0x037D
EQ100_t5,557900661,893,0x2140E375,0x037D
EQ100_t5,557928729,894,0x21415119,0x037E
EQ100_t5,557863430,894,0x21405206,0x037E
EQ100_t5,557900594,837,0x2140E332,0x0345
EQ100_t5,557900595,837,0x2140E333,0x0345
EQ100_t5,557928835,1395,0x21415183,0x0573
EQ100_t5,559997750,874,0x2160E336,0x036A
EQ100_t5,561008791,811,0x21705097,0x032B
EQ100_t5,557863064,811,0x21405098,0x032B
EQ100_t5,561008793,811,0x21705099,0x032B
EQ100_t5,561008896,811,0x21705100,0x032B
EQ100_t5,561008915,811,0x21705113,0x032B
EQ100_t5,561008914,811,0x21705112,0x032B
EQ100_t5,557863250,811,0x21405152,0x032B
EQ100_t5,561008729,811,0x21705059,0x032B
EQ100_t5,561008736,811,0x21705060,0x032B
EQ100_t5,561008737,811,0x21705061,0x032B
EQ100_t5,561008738,811,0x21705062,0x032B
EQ100_t5,561008739,811,0x21705063,0x032B
EQ100_t5,561008759,811,0x21705077,0x032B
EQ100_t5,561008776,811,0x21705088,0x032B
EQ100_t5,557863289,811,0x21405179,0x032B
EQ100_t5,557863313,811,0x21405191,0x032B
EQ100_t5,557863442,811,0x21405212,0x032B
EQ100_t5,557863456,811,0x21405220,0x032B
EQ100_t5,555765760,811,0x21205000,0x032B
EQ100_t5,557871108,811,0x21407004,0x032B
EQ100_t5,557871105,811,0x21407001,0x032B
EQ100_t5,557899777,811,0x2140E001,0x032B
EQ100_t5,557871107,811,0x21407003,0x032B
EQ100_t5,557900627,811,0x2140E353,0x032B
EQ100_t5,557900659,811,0x2140E373,0x032B
